{"masses":[{"x":636.8000000000005,"y":575.2,"radius":54.56189146281496,"mass":1964.2280926613387,"corona":19.642280926613385,"color":"rgb(1,0,1)","c_color":"rgb(90,163,254)"}],"ship":{"x":631.8000000000005,"y":288.5000000000008,"fuel":29},"goal":{"x":633.8000000000005,"y":105.99999999999984,"radius":50},"level":25}