{
"masses":[
{"x":1582.7999999999972,"y":761.000000000003,"radius":40.52159917870962,"mass":745.597424888257,"corona":7.091279856274183,"color":"rgb(0,1,0)","c_color":"rgb(0,0,255)"},
{"x":133,"y":747.2,"radius":41.23105625617661,"mass":585.4809988377078,"corona":7.215434844830906,"color":"rgb(0,1,0)","c_color":"rgb(0,0,255)"}
],
"ship":{"x":1605.799999999997,"y":536.9000000000033,"fuel":10},
"goal":{"x":131.79999999999927,"y":747.3999999999994,"radius":105.20931517693741},
"level":18
}