{
	"masses":[
		{"x":679.4000000000007,"y":315.9999999999999,"radius":263.02372516562065,"mass":789.071175496862,"corona":82.85247342717051,"color":"rgb(254,254,169)","c_color":"rgb(234,180,0)"},
		{"x":682.2000000000004,"y":326.59999999999997,"radius":38.41874542459709,"mass":1029.6223773792021,"corona":12.101904808748083,"color":"rgb(254,254,255)","c_color":"rgb(63,0,254)","orbit_radius":553.6081285530406,"orbit_speed":4.05,"orbit_offset":89.68951290462515}
	],
	"ship":{"x":684.6000000000007,"y":752.5000000000013,"fuel":6},
	"goal":{"x":394.60000000000025,"y":323.9999999999997,"radius":26.30589287593181},
	"level":23
}