{
"masses":[
{"x":799.4000000000008,"y":686.2000000000018,"radius":56.32051136131489,"mass":225.28204544525957,"corona":18.585768749233914,"color":"rgb(255,254,238)","c_color":"rgb(255,240,0)"},
{"x":1134.4000000000003,"y":557.2000000000006,"radius":71.02816342831905,"mass":482.9915113125695,"corona":23.439293931345286,"color":"rgb(255,254,7)","c_color":"rgb(255,13,0)"},
{"x":580.4000000000003,"y":370.60000000000133,"radius":28.178005607210743,"mass":123.98322467172729,"corona":9.298741850379546,"color":"rgb(255,254,254)","c_color":"rgb(0,27,255)","max_radius":216.390850083824,"radius_speed":0.65,"max_mass":500.4089136249538,"mass_speed":1.3}
],
"ship":{"x":862.4000000000009,"y":436.7000000000006,"fuel":15.5},
"goal":{"x":213.4000000000002,"y":282.1999999999997,"radius":58.872744118139984},
"level":12
}