{"masses":[{"x":794.6000000000004,"y":-104.20000000000013,"radius":449.2304531084242,"mass":1347.6913593252725,"corona":157.23065858794845,"color":"rgb(255,26,1)","c_color":"rgb(255,109,0)"},{"x":795,"y":-119.40000000000005,"radius":103.4456378974,"mass":1406.86067540464,"corona":36.20597326409,"color":"rgb(255,255,254)","c_color":"rgb(81,109,229)","orbit_radius":864.3460649531527,"orbit_speed":6.5,"orbit_offset":58.57923297354188},{"x":779,"y":-133.4,"radius":102.18121158021175,"mass":1144.4295696983716,"corona":35.76342405307411,"color":"rgb(255,255,254)","c_color":"rgb(81,109,229)","orbit_radius":905.5218384997681,"orbit_speed":2.2,"orbit_offset":134.91946561361507}],"ship":{"x":775.6000000000004,"y":459.3000000000004,"fuel":16.5},"goal":{"x":781.5999999999999,"y":-642.4,"radius":50},"level":24}