{
"masses":[
{"x":623.0000000000003,"y":549.1999999999998,"radius":56.859475903318,"mass":193.32221807128118,"corona":16.77354539147881,"color":"rgb(255,255,255)","c_color":"rgb(255,240,0)"},
{"x":870.0000000000001,"y":536.2,"radius":30.482125910113286,"mass":91.44637773033986,"corona":8.992227143483419,"color":"rgb(255,255,255)","c_color":"rgb(255,240,0)"}
],
"ship":{"x":807.0000000000001,"y":746.1000000000017,"fuel":10},
"goal":{"x":1187.0000000000002,"y":541.5999999999999,"radius":50},
"level":10
}