{
"masses":[
{"x":838,"y":226.3999999999999,"radius":41.677331968349414,"mass":208.38665984174708,"corona":10.002559672403859,"color":"rgb(255,255,255)","c_color":"rgb(255,240,0)"},
{"x":752,"y":296.39999999999986,"radius":42.720018726587654,"mass":205.05608988762074,"corona":10.252804494381037,"color":"rgb(255,255,255)","c_color":"rgb(255,240,0)"},
{"x":855,"y":333.39999999999975,"radius":42.1070065428546,"mass":210.535032714273,"corona":10.105681570285103,"color":"rgb(255,255,255)","c_color":"rgb(255,240,0)"}
],
"ship":{"x":962,"y":486.9000000000001,"fuel":16},
"goal":{"x":182,"y":306.4000000000001,"radius":50},
"level":19
}