{
"masses":[
{"x":1465.6000000000045,"y":420.2000000000034,"radius":157.53729717117784,"mass":472.6118915135335,"corona":34.65820537765912,"color":"rgb(182,0,0)","c_color":"rgb(141,47,10)"},
{"x":1468.6000000000045,"y":421.2000000000034,"radius":55.036351623268054,"mass":264.17448779168666,"corona":12.107997357118972,"color":"rgb(251,242,255)","c_color":"rgb(0,0,254)","orbit_radius":431.4255439818092,"orbit_speed":1.4,"orbit_offset":-17.25895429290408},
{"x":-123.20000000000063,"y":374.000000000003,"radius":51.86520991955976,"mass":1504.091087667233,"corona":11.410346182303147,"color":"rgb(2,3,2)","c_color":"rgb(0,0,229)"}
],
"ship":{"x":2031.5999999999947,"y":490.7000000000038,"fuel":32},
"goal":{"x":-497.59999999999764,"y":372.20000000000283,"radius":50},
"level":15
}