{
"masses":[
{"x":1018.2000000000006,"y":406.60000000000184,"radius":46.17358552246078,"mass":360.1539670751941,"corona":14.082943584350538,"color":"rgb(255,255,255)","c_color":"rgb(255,91,0)"},
{"x":1019.2000000000006,"y":409.60000000000184,"radius":75.13321502504735,"mass":225.39964507514205,"corona":22.91563058263944,"color":"rgb(255,34,3)","c_color":"rgb(255,91,0)","orbit_radius":207.69207977195472,"orbit_speed":1.45,"orbit_offset":105.64224645720874},
{"x":606,"y":421.2000000000015,"radius":63.56886030125127,"mass":508.55088241001016,"corona":19.388502391881637,"color":"rgb(255,254,255)","c_color":"rgb(14,49,255)","max_radius":143.50261321662404,"radius_speed":0.7,"max_mass":668.4183882407557,"mass_speed":1.4}
],
"ship":{"x":1152.2000000000007,"y":634.1000000000028,"fuel":22.5},
"goal":{"x":478.1999999999998,"y":282.6000000000009,"radius":24.86523677747736},
"level":20
}