{
"masses":[
{"x":883.6000000000007,"y":412.2000000000002,"radius":41.14608122288197,"mass":444.37767720712526,"corona":15.635510864695148,"color":"rgb(255,255,255)","c_color":"rgb(3,44,255)","max_radius":111.8257573191436,"radius_speed":0.55,"max_mass":585.7370293996485,"mass_speed":1.1,"orbit_radius":510,"orbit_speed":0.6,"orbit_offset":180},
{"x":883.8000000000003,"y":411,"radius":63.91901125643259,"mass":409.0816720411686,"corona":24.289224277444383,"color":"rgb(255,255,255)","c_color":"rgb(3,44,255)","orbit_radius":145.32391406785055,"orbit_speed":2.15,"orbit_offset":92.3662479914558}
],
"ship":{"x":202.60000000000068,"y":194.70000000000007,"fuel":10},
"goal":{"x":879.6000000000016,"y":411.2000000000002,"radius":79.10120100225949},
"level":21
}